student_id,hours_studied,attendance_pct,prev_grade,study_group,passed,final_exam_result
54,9.3,49.6,,A,0,fail
206,5.7,,,A,0,fail
36,5.6,39.5,,A,0,fail
11,9.7,43.3,,A,1,pass
189,2.2,34.5,68.3,A,0,fail
31,2.9,83.8,71.7,A,0,fail
161,9.9,,,C,0,fail
127,3.7,94.5,,A,0,fail
241,6.8,,,C,0,fail
14,0.4,47.4,,A,0,fail
4,7.1,65.0,89.7,B,0,fail
112,4.5,84.7,,B,0,fail
185,606.6237981702526,58.1,62.5,A,0,fail
42,1.1,35.5,,A,0,fail
248,11.2,41.8,97.7,A,1,pass
86,7.3,51.8,,A,0,fail
67,7.9,89.0,48.1,B,0,fail
157,4.2,69.3,,B,1,pass
65,10.8,,71.6,A,0,fail
142,9.9,81.5,40.8,A,1,pass
75,4.3,93.8,,A,0,fail
230,10.0,63.2,52.0,B,0,fail
235,1.9,42.5,,A,0,fail
95,4.4h,95.8,97.8,B,0,fail
166,10.2,36.5,89.6,C,0,fail
132,7.7h,38.2,82.7,C,0,fail
55,0.4,57.4,,A,0,fail
134,3.5,33.0,,A,0,fail
129,0.9,60.0,,C,0,fail
159,3.9,47.5,,B,0,fail
25,10.1,72.6,,C,1,pass
131,12.0,43.6,64.1,A,0,fail
66,9.4,56.9,54.3,B,0,fail
218,6.1,38.8,72.1,A,0,fail
123,4.3,95.6,,A,0,fail
21,6.1h,,,A,0,fail
29,11.6,82.9,46.5,A,1,pass
180,10.0,89.8,78.6,B,0,fail
92,5.6,99.8,58.8,B,0,fail
140,7.1,89.0,69.7,C,0,fail
128,8.3,60.4,,A,0,fail
231,3.0,95.4,95.0,B,0,fail
225,5.6h,78.8,99.5,A,1,pass
224,3.7,72.1,66.3,A,0,fail
24,3.0,30.2,57.7,B,0,fail
170,2.7,81.4,83.0,B,0,fail
167,5.6h,89.8,67.5,C,0,fail
15,10.7,32.6,,A,1,pass
30,10.1,99.2,44.6,A,1,pass
192,6.9h,72.0,,A,0,fail
19,7.8,91.6,,B,0,fail
200,5.8,79.8,,A,0,fail
216,4.5,41.3,,B,0,fail
100,910.9692147992888,86.8,,C,1,pass
26,9.8,80.2,,A,1,pass
85,10.6,95.1,,B,1,pass
94,7.5,61.5,77.1,C,0,fail
78,11.9,63.0,,B,1,pass
153,2.4,48.0,66.5,C,0,fail
184,10.1,54.6,,A,0,fail
246,8.2,79.0,72.1,A,0,fail
226,3.3h,89.5,98.8,A,0,fail
172,11.7h,46.8,,B,0,fail
72,11.4,63.4,96.4,A,0,fail
45,1.1,52.3,83.7,B,0,fail
7,10.4,67.6,,A,1,pass
13,5.7,49.3,,C,0,fail
173,7.3,66.3,,A,0,fail
6,11.1,58.4,94.1,A,1,pass
90,4.6,65.4,,C,0,fail
3,9.4,57.0,,C,0,fail
221,8.8,89.2,,B,1,pass
148,9.2,57.3,,C,1,pass
115,5.3,51.1,,C,0,fail
119,1.2,39.9,66.7,A,0,fail
113,8.6,,79.5,A,1,pass
202,4.3,53.0,54.7,B,0,fail
110,0.6,35.9,,C,0,fail
135,0.3h,81.9,,A,0,fail
229,8.8,,50.2,B,0,fail
152,9.7,42.2,61.6,C,0,fail
91,8.0,44.7,,C,0,fail
121,11.5,81.0,68.8,B,1,pass
10,2.7,84.6,,A,1,pass
114,7.1,32.8,,B,0,fail
231,3.0,95.4,95.0,B,0,fail
46,1.1,56.3,,A,0,fail
213,6.6,66.4,67.6,B,0,fail
176,4.4,53.2,,C,0,fail
250,8.2,92.7,,C,1,pass
154,1.7,94.9,61.7,A,0,fail
49,2.2,73.0,,A,0,fail
43,5.9,,85.1,A,0,fail
102,9.4h,62.4,,A,1,pass
181,2.7,37.2,,A,0,fail
242,6.2,99.2,75.4,A,1,pass
58,0.6,85.3,,A,0,fail
234,871.6197932487328,50.0,90.3,A,1,pass
155,8.8,86.6,,A,0,fail
80,10.4h,79.9,,C,1,pass
116,4.1,78.2,,C,0,fail
210,11.5,93.4,90.2,A,1,pass
247,4.0,62.8,,C,0,fail
250,8.2,92.7,,C,1,pass
156,11.3,31.2,44.0,A,0,fail
220,1.9,82.1,50.0,A,0,fail
160,10.1,66.9,,B,1,pass
2,4.3,42.5,,A,0,fail
12,8.2,51.6,63.5,B,0,fail
162,2.8,78.0,61.2,C,0,fail
177,1.1,,,A,0,fail
228,0.8,46.1,,B,0,fail
9,11.7,58.4,65.9,A,0,fail
233,4.1,34.8,65.2,A,0,fail
227,8.8,41.1,89.1,A,0,fail
145,3.5,79.7,69.6,A,0,fail
190,7.8,78.4,,A,1,pass
143,7.0,67.7,87.2,B,0,fail
183,1.0,34.9,77.0,C,0,fail
107,4.8h,87.1,58.6,A,0,fail
222,7.1,94.6,,C,1,pass
99,11.9,53.4,82.1,A,1,pass
223,11.8,84.8,90.3,B,1,pass
158,1.2,44.0,,A,0,fail
22,4.5,31.3,70.6,C,0,fail
162,2.8,78.0,61.2,C,0,fail
120,2.8,,87.5,B,0,fail
187,0.5,95.1,,A,0,fail
215,0.3,98.1,,A,0,fail
141,3.5h,71.8,,A,0,fail
79,2.7,,,C,0,fail
194,11.7,98.0,,B,1,pass
217,888.1522024088082h,53.3,45.1,A,1,pass
109,5.1,60.3,73.4,A,0,fail
182,9.4,86.2,,A,1,pass
204,8.2,98.4,,A,1,pass
174,2.9,,69.8,A,0,fail
83,6.5,69.4,79.4,A,0,fail
136,10.9,65.1,71.8,A,1,pass
207,11.0,88.2,59.0,C,1,pass
191,5.7,53.4,,C,0,fail
243,10.6,78.0,,C,1,pass
165,3.8,50.3,95.6,C,0,fail
37,6.2h,,78.0,A,0,fail
93,0.8,74.4,,B,0,fail
63,0.7,68.2,,A,0,fail
1,11.3,37.6,,A,0,fail
28,5.6,95.0,,C,1,pass
101,7.0,41.3,,A,0,fail
237,1.1,37.4,,A,0,fail
208,2.9,93.0,88.1,A,0,fail
203,2.1h,95.4,84.9,A,0,fail
193,3.4,76.7,,C,0,fail
144,3.6,34.2,67.4,C,0,fail
18,4.3,52.9,99.7,C,0,fail
60,1.9,46.6,88.6,B,0,fail
245,11.8,66.8,,B,1,pass
164,5.9h,32.2,,C,0,fail
150,11.1,73.2,,A,1,pass
124,8.3,35.2,,B,0,fail
56,7.7,,,A,0,fail
17,4.7,65.6,,A,0,fail
209,3.2,72.0,,A,0,fail
188,3.0,59.1,,C,0,fail
232,4.3,53.2,,A,0,fail
88,8.9,66.3,,C,0,fail
147,8.0,48.5,61.8,A,0,fail
98,2.2,43.9,,C,0,fail
126,4.4h,39.0,,A,0,fail
62,0.3,83.0,,B,0,fail
82,6.1,34.1,,A,0,fail
225,5.6,78.8,99.5,A,1,pass
69,3.5,73.6,56.0,B,0,fail
130,4.6,48.9,,B,0,fail
57,11.8,83.1,66.2,A,1,pass
20,4.2,,94.0,A,0,fail
87,1.3,95.4,,C,1,pass
71,5.8h,35.7,,C,0,fail
138,11.7,46.0,,A,1,pass
61,669.9488070430458,64.5,,A,0,fail
35,4.4,52.9,,B,0,fail
41,5.5,56.9,56.6,C,0,fail
139,5.8,33.0,,A,0,fail
77,10.2,98.4,,A,1,pass
198,11.9,52.6,65.0,A,1,pass
27,8.0,54.8,93.4,C,0,fail
33,11.5,33.9,,A,0,fail
68,7.8,59.9,42.4,A,0,fail
97,2.0,,,A,0,fail
84,1.1,36.1,70.7,C,0,fail
111,10.8h,52.0,,A,0,fail
106,4.9h,32.6,,A,0,fail
186,1.1,34.5,67.0,C,0,fail
74,9.0,62.1,,A,0,fail
118,7.9,99.1,,A,0,fail
151,9.0,39.1,,A,0,fail
146,4.3,92.2,,A,0,fail
201,5.4h,75.1,62.5,A,1,pass
92,5.6,99.8,58.8,B,0,fail
179,4.5,69.0,58.7,A,0,fail
137,11.0,42.6,,C,1,pass
175,9.7,71.4,,A,0,fail
40,4.8,55.4,,B,0,fail
50,6.8,53.9,42.3,A,0,fail
240,0.8,46.0,,A,0,fail
133,5.7,,52.2,A,0,fail
51,7.2,79.0,56.3,A,1,pass
205,10.6,99.6,,B,1,pass
53,5.5,51.8,47.5,A,0,fail
81,5.7,63.4,50.2,A,0,fail
195,1.2,70.3,,C,0,fail
239,9.7h,57.1,,A,0,fail
122,4.5,78.6,,B,0,fail
212,6.1,52.7,,B,0,fail
244,8.1,37.5,83.3,A,0,fail
199,11.5,53.3,,A,1,pass
47,2.6,78.5,77.0,B,0,fail
197,6.4,97.2,,A,0,fail
89,1.4,84.7,85.1,A,0,fail
70,6.3,69.5,90.5,A,0,fail
68,7.8,59.9,42.4,A,0,fail
236,11.0,59.7,,C,0,fail
59,10.9,64.7,52.7,A,0,fail
34,9.4,38.4,,B,1,pass
39,8.6h,68.0,,A,0,fail
104,1.8,61.1,,C,0,fail
52,11.6h,74.5,,A,1,pass
108,1.1,35.2,,B,0,fail
171,8.4,30.7,51.9,A,0,fail
5,3.5,33.8,77.0,A,0,fail
103,4.6h,75.0,72.6,A,0,fail
196,8.0h,75.0,84.4,A,0,fail
168,2.7h,83.8,,B,0,fail
38,10.8,34.9,,A,1,pass
117,0.4,56.0,,B,0,fail
125,3.2,,93.3,A,0,fail
149,1.2,99.4,,A,0,fail
219,9.7,88.1,,A,1,pass
32,6.8h,66.6,95.1,C,0,fail
64,1.6,31.1,,A,0,fail
48,8.4,39.2,94.0,A,0,fail
214,4.2,41.3,51.6,A,0,fail
249,0.9,54.3,85.5,C,0,fail
96,4.6,69.0,82.9,B,0,fail
178,1.8,90.2,58.3,A,0,fail
163,1.9,,65.1,A,0,fail
8,4.4,49.5,79.0,C,0,fail
105,7.3,57.9,70.6,B,0,fail
76,11.1,51.0,,A,0,fail
211,11.0,68.6,79.5,A,0,fail
44,2.7,83.5,,C,0,fail
23,0.7,32.1,,B,0,fail
73,5.5,60.2,,B,0,fail
238,0.4,73.5,,B,0,fail
16,6.9h,,,A,0,fail
169,5.2,69.2,,A,0,fail
